--
-- PostgreSQL database dump
--

-- Dumped from database version 12.17 (Ubuntu 12.17-1.pgdg22.04+1)
-- Dumped by pg_dump version 12.17 (Ubuntu 12.17-1.pgdg22.04+1)

SET statement_timeout = 0;
SET lock_timeout = 0;
SET idle_in_transaction_session_timeout = 0;
SET client_encoding = 'UTF8';
SET standard_conforming_strings = on;
SELECT pg_catalog.set_config('search_path', '', false);
SET check_function_bodies = false;
SET xmloption = content;
SET client_min_messages = warning;
SET row_security = off;

DROP DATABASE universe;
--
-- Name: universe; Type: DATABASE; Schema: -; Owner: freecodecamp
--

CREATE DATABASE universe WITH TEMPLATE = template0 ENCODING = 'UTF8' LC_COLLATE = 'C.UTF-8' LC_CTYPE = 'C.UTF-8';


ALTER DATABASE universe OWNER TO freecodecamp;

\connect universe

SET statement_timeout = 0;
SET lock_timeout = 0;
SET idle_in_transaction_session_timeout = 0;
SET client_encoding = 'UTF8';
SET standard_conforming_strings = on;
SELECT pg_catalog.set_config('search_path', '', false);
SET check_function_bodies = false;
SET xmloption = content;
SET client_min_messages = warning;
SET row_security = off;

SET default_tablespace = '';

SET default_table_access_method = heap;

--
-- Name: galaxy; Type: TABLE; Schema: public; Owner: freecodecamp
--

CREATE TABLE public.galaxy (
    galaxy_id integer NOT NULL,
    name character varying(255) NOT NULL,
    description text,
    age_in_millions_of_years integer,
    has_life boolean
);


ALTER TABLE public.galaxy OWNER TO freecodecamp;

--
-- Name: galaxy_galaxy_id_seq; Type: SEQUENCE; Schema: public; Owner: freecodecamp
--

CREATE SEQUENCE public.galaxy_galaxy_id_seq
    AS integer
    START WITH 1
    INCREMENT BY 1
    NO MINVALUE
    NO MAXVALUE
    CACHE 1;


ALTER TABLE public.galaxy_galaxy_id_seq OWNER TO freecodecamp;

--
-- Name: galaxy_galaxy_id_seq; Type: SEQUENCE OWNED BY; Schema: public; Owner: freecodecamp
--

ALTER SEQUENCE public.galaxy_galaxy_id_seq OWNED BY public.galaxy.galaxy_id;


--
-- Name: moon; Type: TABLE; Schema: public; Owner: freecodecamp
--

CREATE TABLE public.moon (
    moon_id integer NOT NULL,
    name character varying(255) NOT NULL,
    planet_id integer,
    diameter numeric,
    is_spherical boolean
);


ALTER TABLE public.moon OWNER TO freecodecamp;

--
-- Name: moon_moon_id_seq; Type: SEQUENCE; Schema: public; Owner: freecodecamp
--

CREATE SEQUENCE public.moon_moon_id_seq
    AS integer
    START WITH 1
    INCREMENT BY 1
    NO MINVALUE
    NO MAXVALUE
    CACHE 1;


ALTER TABLE public.moon_moon_id_seq OWNER TO freecodecamp;

--
-- Name: moon_moon_id_seq; Type: SEQUENCE OWNED BY; Schema: public; Owner: freecodecamp
--

ALTER SEQUENCE public.moon_moon_id_seq OWNED BY public.moon.moon_id;


--
-- Name: planet; Type: TABLE; Schema: public; Owner: freecodecamp
--

CREATE TABLE public.planet (
    planet_id integer NOT NULL,
    name character varying(255) NOT NULL,
    star_id integer,
    diameter numeric,
    has_atmosphere boolean,
    age_in_millions_of_years integer
);


ALTER TABLE public.planet OWNER TO freecodecamp;

--
-- Name: planet_planet_id_seq; Type: SEQUENCE; Schema: public; Owner: freecodecamp
--

CREATE SEQUENCE public.planet_planet_id_seq
    AS integer
    START WITH 1
    INCREMENT BY 1
    NO MINVALUE
    NO MAXVALUE
    CACHE 1;


ALTER TABLE public.planet_planet_id_seq OWNER TO freecodecamp;

--
-- Name: planet_planet_id_seq; Type: SEQUENCE OWNED BY; Schema: public; Owner: freecodecamp
--

ALTER SEQUENCE public.planet_planet_id_seq OWNED BY public.planet.planet_id;


--
-- Name: satellite; Type: TABLE; Schema: public; Owner: freecodecamp
--

CREATE TABLE public.satellite (
    satellite_id integer NOT NULL,
    name character varying(255) NOT NULL,
    planet_id integer,
    launch_date date,
    operational boolean NOT NULL
);


ALTER TABLE public.satellite OWNER TO freecodecamp;

--
-- Name: satellite_satellite_id_seq; Type: SEQUENCE; Schema: public; Owner: freecodecamp
--

CREATE SEQUENCE public.satellite_satellite_id_seq
    AS integer
    START WITH 1
    INCREMENT BY 1
    NO MINVALUE
    NO MAXVALUE
    CACHE 1;


ALTER TABLE public.satellite_satellite_id_seq OWNER TO freecodecamp;

--
-- Name: satellite_satellite_id_seq; Type: SEQUENCE OWNED BY; Schema: public; Owner: freecodecamp
--

ALTER SEQUENCE public.satellite_satellite_id_seq OWNED BY public.satellite.satellite_id;


--
-- Name: star; Type: TABLE; Schema: public; Owner: freecodecamp
--

CREATE TABLE public.star (
    star_id integer NOT NULL,
    name character varying(255) NOT NULL,
    galaxy_id integer,
    distance_from_earth numeric,
    is_spherical boolean
);


ALTER TABLE public.star OWNER TO freecodecamp;

--
-- Name: star_star_id_seq; Type: SEQUENCE; Schema: public; Owner: freecodecamp
--

CREATE SEQUENCE public.star_star_id_seq
    AS integer
    START WITH 1
    INCREMENT BY 1
    NO MINVALUE
    NO MAXVALUE
    CACHE 1;


ALTER TABLE public.star_star_id_seq OWNER TO freecodecamp;

--
-- Name: star_star_id_seq; Type: SEQUENCE OWNED BY; Schema: public; Owner: freecodecamp
--

ALTER SEQUENCE public.star_star_id_seq OWNED BY public.star.star_id;


--
-- Name: galaxy galaxy_id; Type: DEFAULT; Schema: public; Owner: freecodecamp
--

ALTER TABLE ONLY public.galaxy ALTER COLUMN galaxy_id SET DEFAULT nextval('public.galaxy_galaxy_id_seq'::regclass);


--
-- Name: moon moon_id; Type: DEFAULT; Schema: public; Owner: freecodecamp
--

ALTER TABLE ONLY public.moon ALTER COLUMN moon_id SET DEFAULT nextval('public.moon_moon_id_seq'::regclass);


--
-- Name: planet planet_id; Type: DEFAULT; Schema: public; Owner: freecodecamp
--

ALTER TABLE ONLY public.planet ALTER COLUMN planet_id SET DEFAULT nextval('public.planet_planet_id_seq'::regclass);


--
-- Name: satellite satellite_id; Type: DEFAULT; Schema: public; Owner: freecodecamp
--

ALTER TABLE ONLY public.satellite ALTER COLUMN satellite_id SET DEFAULT nextval('public.satellite_satellite_id_seq'::regclass);


--
-- Name: star star_id; Type: DEFAULT; Schema: public; Owner: freecodecamp
--

ALTER TABLE ONLY public.star ALTER COLUMN star_id SET DEFAULT nextval('public.star_star_id_seq'::regclass);


--
-- Data for Name: galaxy; Type: TABLE DATA; Schema: public; Owner: freecodecamp
--

INSERT INTO public.galaxy VALUES (1, 'Milky Way', 'A spiral galaxy containing our Solar System.', 13000, false);
INSERT INTO public.galaxy VALUES (2, 'Andromeda', 'A spiral galaxy closest to the Milky Way.', 10000, false);
INSERT INTO public.galaxy VALUES (3, 'Triangulum', 'A spiral galaxy in the constellation Triangulum.', 3000, false);
INSERT INTO public.galaxy VALUES (4, 'Whirlpool', 'A spiral galaxy in the constellation Canes Venatici.', 2300, false);
INSERT INTO public.galaxy VALUES (5, 'Sombrero', 'A spiral galaxy in the constellation Virgo.', 10000, false);
INSERT INTO public.galaxy VALUES (6, 'Messier 87', 'An elliptical galaxy in the constellation Virgo.', 13000, false);


--
-- Data for Name: moon; Type: TABLE DATA; Schema: public; Owner: freecodecamp
--

INSERT INTO public.moon VALUES (1, 'Moon', 1, 3474, true);
INSERT INTO public.moon VALUES (2, 'Phobos', 2, 22.4, true);
INSERT INTO public.moon VALUES (3, 'Deimos', 2, 12.4, true);
INSERT INTO public.moon VALUES (4, 'Io', 3, 3643, true);
INSERT INTO public.moon VALUES (5, 'Europa', 3, 3121, true);
INSERT INTO public.moon VALUES (6, 'Ganymede', 3, 5268, true);
INSERT INTO public.moon VALUES (7, 'Callisto', 3, 4821, true);
INSERT INTO public.moon VALUES (8, 'Titan', 4, 5150, true);
INSERT INTO public.moon VALUES (9, 'Rhea', 4, 1527, true);
INSERT INTO public.moon VALUES (10, 'Iapetus', 4, 1469, true);
INSERT INTO public.moon VALUES (11, 'Enceladus', 4, 504, true);
INSERT INTO public.moon VALUES (12, 'Mimas', 4, 396, true);
INSERT INTO public.moon VALUES (13, 'Miranda', 5, 471.6, true);
INSERT INTO public.moon VALUES (14, 'Ariel', 5, 1158.8, true);
INSERT INTO public.moon VALUES (15, 'Umbriel', 5, 1169.4, true);
INSERT INTO public.moon VALUES (16, 'Titania', 5, 1577.6, true);
INSERT INTO public.moon VALUES (17, 'Oberon', 5, 1522.8, true);
INSERT INTO public.moon VALUES (18, 'Triton', 6, 2706.8, true);
INSERT INTO public.moon VALUES (19, 'Nereid', 6, 340, true);
INSERT INTO public.moon VALUES (20, 'Proteus', 6, 418, true);


--
-- Data for Name: planet; Type: TABLE DATA; Schema: public; Owner: freecodecamp
--

INSERT INTO public.planet VALUES (1, 'Earth', 1, 12742, true, 4500);
INSERT INTO public.planet VALUES (2, 'Mars', 1, 6779, true, 4500);
INSERT INTO public.planet VALUES (3, 'Venus', 1, 12104, true, 4600);
INSERT INTO public.planet VALUES (4, 'Jupiter', 1, 139820, true, 4600);
INSERT INTO public.planet VALUES (5, 'Saturn', 1, 116460, true, 4600);
INSERT INTO public.planet VALUES (6, 'Uranus', 1, 50724, true, 4600);
INSERT INTO public.planet VALUES (7, 'Neptune', 1, 49244, true, 4600);
INSERT INTO public.planet VALUES (8, 'Mercury', 1, 4879, false, 4600);
INSERT INTO public.planet VALUES (9, 'Pluto', 1, 2376, false, 4600);
INSERT INTO public.planet VALUES (10, 'Ganymede', 2, 5268, true, 4600);
INSERT INTO public.planet VALUES (11, 'Titan', 2, 5150, true, 4600);
INSERT INTO public.planet VALUES (12, 'Europa', 2, 3121, true, 4600);


--
-- Data for Name: satellite; Type: TABLE DATA; Schema: public; Owner: freecodecamp
--

INSERT INTO public.satellite VALUES (1, 'Hubble Space Telescope', 1, '1990-04-24', true);
INSERT INTO public.satellite VALUES (2, 'International Space Station', 1, '1998-11-20', true);
INSERT INTO public.satellite VALUES (3, 'Mars Reconnaissance Orbiter', 2, '2005-08-12', true);
INSERT INTO public.satellite VALUES (4, 'Juno', 4, '2011-08-05', true);
INSERT INTO public.satellite VALUES (5, 'Cassini', 4, '1997-10-15', false);


--
-- Data for Name: star; Type: TABLE DATA; Schema: public; Owner: freecodecamp
--

INSERT INTO public.star VALUES (1, 'Sun', 1, 0, true);
INSERT INTO public.star VALUES (2, 'Sirius', 1, 8.6, true);
INSERT INTO public.star VALUES (3, 'Alpha Centauri', 1, 4.37, true);
INSERT INTO public.star VALUES (4, 'Betelgeuse', 1, 642, true);
INSERT INTO public.star VALUES (5, 'Proxima Centauri', 1, 4.24, true);
INSERT INTO public.star VALUES (6, 'Polaris', 1, 433, true);


--
-- Name: galaxy_galaxy_id_seq; Type: SEQUENCE SET; Schema: public; Owner: freecodecamp
--

SELECT pg_catalog.setval('public.galaxy_galaxy_id_seq', 6, true);


--
-- Name: moon_moon_id_seq; Type: SEQUENCE SET; Schema: public; Owner: freecodecamp
--

SELECT pg_catalog.setval('public.moon_moon_id_seq', 20, true);


--
-- Name: planet_planet_id_seq; Type: SEQUENCE SET; Schema: public; Owner: freecodecamp
--

SELECT pg_catalog.setval('public.planet_planet_id_seq', 12, true);


--
-- Name: satellite_satellite_id_seq; Type: SEQUENCE SET; Schema: public; Owner: freecodecamp
--

SELECT pg_catalog.setval('public.satellite_satellite_id_seq', 5, true);


--
-- Name: star_star_id_seq; Type: SEQUENCE SET; Schema: public; Owner: freecodecamp
--

SELECT pg_catalog.setval('public.star_star_id_seq', 6, true);


--
-- Name: galaxy galaxy_name_key; Type: CONSTRAINT; Schema: public; Owner: freecodecamp
--

ALTER TABLE ONLY public.galaxy
    ADD CONSTRAINT galaxy_name_key UNIQUE (name);


--
-- Name: galaxy galaxy_pkey; Type: CONSTRAINT; Schema: public; Owner: freecodecamp
--

ALTER TABLE ONLY public.galaxy
    ADD CONSTRAINT galaxy_pkey PRIMARY KEY (galaxy_id);


--
-- Name: moon moon_name_key; Type: CONSTRAINT; Schema: public; Owner: freecodecamp
--

ALTER TABLE ONLY public.moon
    ADD CONSTRAINT moon_name_key UNIQUE (name);


--
-- Name: moon moon_pkey; Type: CONSTRAINT; Schema: public; Owner: freecodecamp
--

ALTER TABLE ONLY public.moon
    ADD CONSTRAINT moon_pkey PRIMARY KEY (moon_id);


--
-- Name: planet planet_name_key; Type: CONSTRAINT; Schema: public; Owner: freecodecamp
--

ALTER TABLE ONLY public.planet
    ADD CONSTRAINT planet_name_key UNIQUE (name);


--
-- Name: planet planet_pkey; Type: CONSTRAINT; Schema: public; Owner: freecodecamp
--

ALTER TABLE ONLY public.planet
    ADD CONSTRAINT planet_pkey PRIMARY KEY (planet_id);


--
-- Name: satellite satellite_name_key; Type: CONSTRAINT; Schema: public; Owner: freecodecamp
--

ALTER TABLE ONLY public.satellite
    ADD CONSTRAINT satellite_name_key UNIQUE (name);


--
-- Name: satellite satellite_pkey; Type: CONSTRAINT; Schema: public; Owner: freecodecamp
--

ALTER TABLE ONLY public.satellite
    ADD CONSTRAINT satellite_pkey PRIMARY KEY (satellite_id);


--
-- Name: star star_name_key; Type: CONSTRAINT; Schema: public; Owner: freecodecamp
--

ALTER TABLE ONLY public.star
    ADD CONSTRAINT star_name_key UNIQUE (name);


--
-- Name: star star_pkey; Type: CONSTRAINT; Schema: public; Owner: freecodecamp
--

ALTER TABLE ONLY public.star
    ADD CONSTRAINT star_pkey PRIMARY KEY (star_id);


--
-- Name: moon moon_planet_id_fkey; Type: FK CONSTRAINT; Schema: public; Owner: freecodecamp
--

ALTER TABLE ONLY public.moon
    ADD CONSTRAINT moon_planet_id_fkey FOREIGN KEY (planet_id) REFERENCES public.planet(planet_id);


--
-- Name: planet planet_star_id_fkey; Type: FK CONSTRAINT; Schema: public; Owner: freecodecamp
--

ALTER TABLE ONLY public.planet
    ADD CONSTRAINT planet_star_id_fkey FOREIGN KEY (star_id) REFERENCES public.star(star_id);


--
-- Name: satellite satellite_planet_id_fkey; Type: FK CONSTRAINT; Schema: public; Owner: freecodecamp
--

ALTER TABLE ONLY public.satellite
    ADD CONSTRAINT satellite_planet_id_fkey FOREIGN KEY (planet_id) REFERENCES public.planet(planet_id);


--
-- Name: star star_galaxy_id_fkey; Type: FK CONSTRAINT; Schema: public; Owner: freecodecamp
--

ALTER TABLE ONLY public.star
    ADD CONSTRAINT star_galaxy_id_fkey FOREIGN KEY (galaxy_id) REFERENCES public.galaxy(galaxy_id);


--
-- PostgreSQL database dump complete
--

